,Number of Likes,Number of Shares,Number of Comments,User Follower Count
Number of Likes,1.0,-0.014980165123270033,-0.025677769484392054,-0.042893552828157225
Number of Shares,-0.014980165123270033,1.0,0.015881529127905285,-0.01412108563965782
Number of Comments,-0.025677769484392054,0.015881529127905285,1.0,-0.0044985439897674276
User Follower Count,-0.042893552828157225,-0.01412108563965782,-0.0044985439897674276,1.0
